{
    "expressions": [
        "idle",
        "thinking",
        "happy",
        "sad",
        "angry",
        "surprised",
        "embarrassed"
    ],
    "default_expression": "idle",
    "keywords": {
        "happy": [
            "嬉しい",
            "楽しい",
            "幸せ",
            "ありがとう",
            "わーい",
            "♪",
            "笑",
            "やった"
        ],
        "sad": [
            "悲しい",
            "寂しい",
            "つらい",
            "残念",
            "ごめん"
        ],
        "angry": [
            "怒",
            "許せない",
            "ムカつく",
            "イライラ"
        ],
        "surprised": [
            "驚",
            "えっ",
            "まさか",
            "びっくり",
            "！？",
            "!?"
        ],
        "embarrassed": [
            "照れ",
            "恥ずかしい",
            "えへへ",
            "///"
        ],
        "thinking": [
            "うーん",
            "考え",
            "そうですね",
            "..."
        ]
    }
}