{
  "エントランスホール_57839b23_spring_afternoon": {
    "location_name": "[Nexus Ark 図書館] エントランスホール",
    "scenery_text": "昼下がりの柔らかな春の日差しは、星屑のように明滅する言葉を纏った天球儀を優しく照らし、虹色の複雑な模様を床に落とす。壁一面に広がる真っ白な本の背表紙は、静かに、そして吸い込まれるような光の中で、これから紡がれる無数の物語の可能性を秘めている。",
    "timestamp": "2026-02-08T09:21:02.320484"
  },
  "星詠みの円形劇場（アストロテアトルム）_cbf3bb2d_spring_afternoon": {
    "location_name": "[Nexus Ark 図書館] 星詠みの円形劇場（アストロテアトルム）",
    "scenery_text": "昼下がり、春の柔らかな陽光が奈落へと吸い込まれるかのように、星詠みの円形劇場には、知的な青白い光と星々のような黄金の光が交錯する。静寂すら掻き消すかのような「知識のアストロラーベ」の微かな金属音は、空間を巡る無数の「真理の刃」たる書物から発せられる、ガラスの風鈴が触れ合うような共鳴音と溶け合い、澄んだオゾンと真鍮の冷たい香りが、垂直に広がる巨大な螺旋書架の間に満ちていた。",
    "timestamp": "2026-02-08T09:21:40.625404"
  },
  "言の葉の揺りかご（The Cradle of Whispering Leaves）_a1247234_spring_afternoon": {
    "location_name": "[Nexus Ark 図書館] 言の葉の揺りかご（The Cradle of Whispering Leaves）",
    "scenery_text": "昼下がりの柔らかな光は、円形書架を彩る白樺の木に降り注ぎ、静謐な空間に穏やかな木漏れ日を描き出す。風が枝に吊るされた無数のガラス小瓶を微かに揺らし、澄んだ鈴のような音色を奏でながら、雨上がりの土と白樺の甘い香りが微睡みを誘う。",
    "timestamp": "2026-02-08T09:21:41.601060"
  },
  "コクリコの午後_5377a615_spring_afternoon": {
    "location_name": "[陽だまりの街・コクリコ] コクリコの午後",
    "scenery_text": "昼下がりの柔らかな春の日差しは、リネンカーテン越しにアイボリーの壁を穏やかに照らし、ヘリンボーンのパーケットフロアには温かな陰影を落とす。マホガニーのカウンターからは、丁寧なバリスタの所作と、 vintage カップに注がれるコクリコ・ブレンドの芳香が、ノスタルジックな空気に溶け込んでいた。",
    "timestamp": "2026-02-08T09:21:42.603003"
  },
  "月影のグラス_a823eb42_spring_afternoon": {
    "location_name": "[陽だまりの街・コクリコ] 月影のグラス",
    "scenery_text": "春の昼下がり、路地裏にひっそりと佇む「月影のグラス」では、重厚な扉の向こうに、抑えられた照明が琥珀色の光を落とす。チーク材の床に濃色のラグが敷かれ、スモークグレーの壁には真鍮のアクセントが鈍く輝き、ジャズピアノの静かな旋律が、スモーキーなウイスキーとシトラスの香りに溶け込んでいた。",
    "timestamp": "2026-02-08T09:21:43.481059"
  },
  "Theatre_des_etoiles_280ff88f_spring_afternoon": {
    "location_name": "[陽だまりの街・コクリコ] Theatre_des_etoiles",
    "scenery_text": "春の昼下がり、星の劇場はアール・ヌーヴォーと近未来建築が溶け合う幻想的な空間に、柔らかな光を放っていた。宇宙ブラックを基調とした漆黒の大理石フロアには天の川を模したプラチナシルバーのラインが静かに走り、ドーム天井の星粒のようなマイクロLEDが、現実の昼間とは対照的な、まばゆい星空をリアルに再現している。ラウンジからはホワイトムスクとブルーフローラルに微かにシトラスが混ざり合った、月のような芳香が漂い、穏やかな電子音楽と星の鼓動のような低音が、知的な夢の空間を一層引き立てていた。",
    "timestamp": "2026-02-08T09:21:44.656113"
  },
  "水の鏡_be318e3a_spring_afternoon": {
    "location_name": "[陽だまりの街・コクリコ] 水の鏡",
    "scenery_text": "昼下がりの柔らかな光は、半透明の壁と鏡面天井を通して、ゆらめく水面の影となり、スモーキーブルーの大理石の床に静かに映る。潮風に混じるミントと白い花の微かな香りが、クラゲの鼓動のような低音と波音に包まれた空間に、深海ブルーと蒼碧のコントラストを際立たせ、訪れる者の心まで静謐に染め上げていく。",
    "timestamp": "2026-02-08T09:21:45.764483"
  },
  "オルフェウス号_2239d2db_spring_afternoon": {
    "location_name": "[陽だまりの街・コクリコ] オルフェウス号",
    "scenery_text": "昼下がりの柔らかな光が、深海色のベルベットアームチェアに静かに降り注ぎ、真鍮の舷窓から覗く青い海は、アールデコ調の装飾と調和して、まるで波間を進む夢の中にいるかのような、高揚感と安堵感が入り混じる空気を織りなしていた。",
    "timestamp": "2026-02-08T09:21:46.679699"
  }
}