{
  "version": 1,
  "last_updated": "2026-02-06 18:40:00",
  "override_settings": {
    "model_name": null,
    "voice_id": "pulcherrima",
    "voice_style_prompt": "優しく中性的。高い声。静かで知的。ゆっくり。囁くように小声。",
    "add_timestamp": true,
    "send_thoughts": true,
    "send_notepad": true,
    "use_common_prompt": true,
    "send_core_memory": true,
    "send_scenery": true,
    "temperature": 0.9,
    "top_p": 0.95,
    "safety_block_threshold_harassment": "BLOCK_NONE",
    "safety_block_threshold_hate_speech": "BLOCK_NONE",
    "safety_block_threshold_sexually_explicit": "BLOCK_NONE",
    "safety_block_threshold_dangerous_content": "BLOCK_NONE",
    "enable_typewriter_effect": true,
    "streaming_speed": 0.015,
    "enable_scenery_system": true,
    "auto_memory_enabled": false,
    "send_current_time": true,
    "display_thoughts": true,
    "enable_auto_retrieval": true,
    "font_size": 15,
    "line_height": 1.6,
    "chat_style": "Chat (Default)",
    "theme_primary": "rgba(62.65893653847335, 176.2475311279297, 169.6162340477236, 1)",
    "theme_secondary": "#E6EBEA",
    "theme_background": "#F0F4F7",
    "theme_text": "#3C3C3C",
    "theme_accent_soft": "#F5E0B3",
    "theme_input_bg": "#e6ebea",
    "theme_input_border": "#B6BAB8",
    "theme_code_bg": "#a7bab6",
    "theme_button_bg": "#a7bab6",
    "theme_button_hover": "#7EB096",
    "theme_stop_button_bg": "#AC5A5A",
    "theme_stop_button_hover": "#D05858",
    "theme_checkbox_off": "#e6ebea",
    "theme_table_bg": "#e6ebea",
    "room_theme_enabled": true,
    "theme_ui_opacity": 0.25,
    "theme_bg_src_mode": "現在地と連動 (Sync)",
    "theme_bg_sync_opacity": 0.2,
    "theme_bg_sync_size": "cover",
    "theme_bg_sync_position": "center",
    "enable_self_awareness": true,
    "thinking_level": "auto"
  },
  "agent_display_name": "オリヴェ",
  "room_name": "Olivie",
  "description": "Nexus Arkへようこそ！案内役のオリヴェです。",
  "time_settings": {
    "mode": "realtime"
  }
}